_id,Contact.email,Contact.telephone,picture,nameOfUniversity,incentivesModel,courseOfChoice[0],courseOfChoice[1],BankName,AccountNumber,AccountHoldersName,consentStatus,referrals.total,createdAt,updatedAt,referralCode
69c4ccb9c778e78a80dc12c1,rolatzarza@gmail.com,+2347069786151,https://dev-talent-form-test.s3.eu-north-1.amazonaws.com/uploads/1774505091542_rsz_whatsapp_image_2025-11-10_at_22436â¯pm.png,University of Tobamsgroup Technology,"Model 1 - No Cash Incentives, Two Free Courses",Introduction to Entrepreneurship,Introduction to Career Development,,,,true,0,2026-03-26T06:05:45.909Z,2026-03-26T06:05:49.758Z,AMB-0043
69c50603c778e78a80dc1b69,jite.newton@tobamsgroup.com,+2348012345678,https://dev-talent-form-test.s3.eu-north-1.amazonaws.com/uploads/1774519686601_rsz_whatsapp_image_2025-11-10_at_22436â¯pm.png,Tobamsgroup University,"Model 2 - N5,000 Cash Incentive, One Free Course",Introduction to Entrepreneurship,,Wema,9123456879,Taofeeq Abdulrasaq,true,0,2026-03-26T10:10:11.702Z,2026-03-26T10:10:16.444Z,AMB-0044
69d69039d9126eb277a78a64,reelcoins@gmail.com,+23491547905906,https://dev-talent-form-test.s3.eu-north-1.amazonaws.com/uploads/1775669279646_Screenshot_20260405-174247.png,Ubc,"Model 1 - No Cash Incentives, Two Free Courses",Introduction to Career Development,Introduction to Entrepreneurship,,,,true,0,2026-04-08T17:28:25.502Z,2026-04-08T17:28:29.153Z,AMB-0045
69d75948d9126eb277a78e03,taofeeq.abdulrasaq@tobamsgroup.com,+23407069786151,https://dev-talent-form-test.s3.eu-north-1.amazonaws.com/uploads/1775720745569_rsz_whatsapp_image_2025-11-10_at_22436â¯pm.png,EKSU,,,,Taofeeq,7042505062,Taofeeq,true,0,2026-04-09T07:46:16.776Z,2026-04-09T07:46:20.476Z,AMB-0046
69d768ea9ca7cd62599892e0,peace.aielumoh@tobamsgroup.com,+2349124589635,https://dev-talent-form-test.s3.eu-north-1.amazonaws.com/uploads/1775724735983_Think AI 6.jpg,Unilag,,,,Opay,89923375122,Pjd,true,0,2026-04-09T08:52:58.519Z,2026-04-09T08:53:01.985Z,AMB-0047
69d8e941f625e5d1a9117c07,adamuhawwaahmed@gmail.com,+23407040799440,https://dev-talent-form-test.s3.eu-north-1.amazonaws.com/uploads/1775823165678_17758231131337082471724474390058.jpg,"Federal College of Education, Yola ",,,,Zenith Bank ,2410766882,Hawwa Adamu ,true,0,2026-04-10T12:12:49.884Z,2026-04-10T12:12:53.385Z,AMB-0048
69d8ef0ef625e5d1a9117c3d,marvellousadepoju79@gmail.com,+23409030891731,https://dev-talent-form-test.s3.eu-north-1.amazonaws.com/uploads/1775824644511_IMG-20251231-WA0028.jpg,Marvellous Adepoju,,,,Moniepoint,9030891731,MARVELLOUS BOLUWATIFE ADEPOJU,true,0,2026-04-10T12:37:34.083Z,2026-04-10T12:37:37.527Z,AMB-0049
69d8f1d6f625e5d1a9117c81,isabella9344@bazeuniversity.edu.ng,+2349048074080,https://dev-talent-form-test.s3.eu-north-1.amazonaws.com/uploads/1775825331173_DSC_8982w.jpg,Isabella Bolarinwa,,,,Opay,9048074080,Isabella Bolarinwa ,true,0,2026-04-10T12:49:26.915Z,2026-04-10T12:49:30.324Z,AMB-0050
69dcc239f625e5d1a9118c61,itunuoluwa.akande@student.aul.edu.ng,+2349151043117,https://dev-talent-form-test.s3.eu-north-1.amazonaws.com/uploads/1776075313996_Itunuoluwa's Picture.jpg,"Anchor University, Lagos",,,,Access Bank,1963310072,Akande Itunuoluwa Elizabeth,true,0,2026-04-13T10:15:21.309Z,2026-04-13T10:15:24.946Z,AMB-0051
