_id,category,section,question,options.a,options.b,options.c,options.d,answer,point,createdAt,updatedAt
66e0d41211ca3395984e4065,null,General,Which of the following best describes an entrepreneur?,A person who manages an existing business,A person who creates and assumes the risk for a new business venture,A person who works for a large corporation,A person who invests in stocks and bonds,A person who creates and assumes the risk for a new business venture,1,2024-09-10T23:19:46.736Z,2024-09-10T23:19:46.736Z
66e0d41211ca3395984e4066,null,General,What is a business plan?,A document that outlines the goals and strategies of a business,A financial statement,A marketing brochure,A list of employees,A document that outlines the goals and strategies of a business,1,2024-09-10T23:19:46.748Z,2024-09-10T23:19:46.748Z
66e0d41211ca3395984e4067,null,General,Which of the following is a key characteristic of a successful entrepreneur?,Risk aversion,Dependence on others,Strong leadership skills,Preference for routine tasks,Strong leadership skills,1,2024-09-10T23:19:46.748Z,2024-09-10T23:19:46.748Z
66e0d41211ca3395984e4068,null,General,What is the primary purpose of market research for a new business?,To create advertisements,To understand consumer needs and market conditions,To hire employees,To determine product prices,To understand consumer needs and market conditions,1,2024-09-10T23:19:46.748Z,2024-09-10T23:19:46.748Z
66e0d41211ca3395984e4069,null,General,Which of the following is an example of a fixed cost in a business?,Raw materials,Monthly rent,Sales commissions,Advertising expenses,Monthly rent,1,2024-09-10T23:19:46.749Z,2024-09-10T23:19:46.749Z
66e0d41211ca3395984e406a,null,General,What does ROI stand for in a business context?,Return on Investment,Rate of Interest,Return on Income,Ratio of Investment,Return on Investment,1,2024-09-10T23:19:46.751Z,2024-09-10T23:19:46.751Z
66e0d41211ca3395984e406b,null,General,Which of the following strategies is most effective for managing cash flow in a start-up?,Ignoring unpaid invoices,Reducing expenses and closely monitoring income and expenses,Increasing salaries,Expanding office space immediately,Reducing expenses and closely monitoring income and expenses,1,2024-09-10T23:19:46.751Z,2024-09-10T23:19:46.751Z
66e0d41211ca3395984e406c,null,General,What is a value proposition?,The ownership structure of a business,A statement that explains how a product or service solves a problem or provides benefits to customers,A pricing strategy,A market analysis report,A statement that explains how a product or service solves a problem or provides benefits to customers,1,2024-09-10T23:19:46.751Z,2024-09-10T23:19:46.751Z
66e0d41211ca3395984e406d,null,General,Why is networking important for entrepreneurs?,It guarantees immediate business success,It helps in building relationships that can provide opportunities and support,It eliminates the need for a business plan,It ensures high sales volume,It helps in building relationships that can provide opportunities and support,1,2024-09-10T23:19:46.752Z,2024-09-10T23:19:46.752Z
66e0d41211ca3395984e406e,null,General,What is a minimum viable product (MVP)?,The cheapest product that can be made,A product with the highest number of features,A product with just enough features to satisfy early customers and provide feedback for future development,The final version of a product,A product with just enough features to satisfy early customers and provide feedback for future development,1,2024-09-10T23:19:46.752Z,2024-09-10T23:19:46.752Z
66e0d41211ca3395984e406f,null,General,What is bootstrapping in the context of a start-up?,Raising large amounts of capital from investors,Starting a business with minimal financial resources and reinvesting earnings,Taking out large loans to fund the business,Hiring a large number of employees,Starting a business with minimal financial resources and reinvesting earnings,1,2024-09-10T23:19:46.752Z,2024-09-10T23:19:46.752Z
66e0d41211ca3395984e4070,null,General,Which of the following is an advantage of starting a business partnership?,Unlimited liability,Shared responsibilities and resources,Sole decision-making authority,Simplified tax reporting,Shared responsibilities and resources,1,2024-09-10T23:19:46.753Z,2024-09-10T23:19:46.753Z
66e0d41211ca3395984e4071,null,General,What is the primary goal of a social entrepreneur?,To maximize profits,To create social and environmental value while achieving financial sustainability,To reduce competition,To expand into international markets,To create social and environmental value while achieving financial sustainability,1,2024-09-10T23:19:46.753Z,2024-09-10T23:19:46.753Z
66e0d41211ca3395984e4072,null,General,Which of the following is a common source of funding for start-ups?,Personal savings,Venture capital,Crowdfunding,All of the above,All of the above,1,2024-09-10T23:19:46.753Z,2024-09-10T23:19:46.753Z
66e0d41211ca3395984e4073,null,General,What is intellectual property (IP)?,Physical assets of a business,Financial assets of a business,"Creations of the mind, such as inventions, literary and artistic works, and symbols",Employee benefits,"Creations of the mind, such as inventions, literary and artistic works, and symbols",1,2024-09-10T23:19:46.753Z,2024-09-10T23:19:46.753Z
66e0d41211ca3395984e4074,null,General,What does the term 'scaling' refer to in a business context?,Reducing the size of a business,Expanding a business by increasing output or market reach,Changing the ownership structure,Decreasing product prices,Expanding a business by increasing output or market reach,1,2024-09-10T23:19:46.753Z,2024-09-10T23:19:46.753Z
66e0d41211ca3395984e4075,null,General,Which of the following is an example of a disruptive innovation?,Incremental improvements to an existing product,A new technology that significantly alters the market and displaces established  competitors,A marketing campaign,A cost-cutting measure,A new technology that significantly alters the market and displaces established competitors,1,2024-09-10T23:19:46.753Z,2024-09-10T23:19:46.753Z
66e0d41211ca3395984e4076,null,General,Why is a SWOT analysis useful for a new business?,It provides a detailed financial forecast,"It helps in identifying strengths, weaknesses, opportunities, and threats",It outlines the company’s organizational structure,It ensures regulatory compliance,"It helps in identifying strengths, weaknesses, opportunities, and threats",1,2024-09-10T23:19:46.753Z,2024-09-10T23:19:46.753Z
66e0d41211ca3395984e4077,null,General,What is the purpose of a business incubator?,To provide long-term loans to businesses,"To offer support, resources, and services to early-stage companies to help them  grow",To conduct market research,To manage stock portfolios,"To offer support, resources, and services to early-stage companies to help them grow",1,2024-09-10T23:19:46.755Z,2024-09-10T23:19:46.755Z
66e0d41211ca3395984e4078,null,General,Which of the following is crucial for effective time management as an entrepreneur?,Procrastination,Setting clear priorities and goals,Avoiding delegation of tasks,Working without breaks,Setting clear priorities and goals,1,2024-09-10T23:19:46.755Z,2024-09-10T23:19:46.755Z
66e0d9b2d2fc14ddb79bbe5b,null,Idea Generation and Opportunity Recognition,Which of the following best describes a successful entrepreneur's approach to idea generation?,Waiting for inspiration to strike.,Regularly brainstorming and researching market needs.,Copying ideas from existing successful businesses.,Relying solely on personal experience.,Regularly brainstorming and researching market needs.,1,2024-09-10T23:43:46.577Z,2024-09-10T23:43:46.577Z
66e0d9b2d2fc14ddb79bbe5c,null,Idea Generation and Opportunity Recognition,What is a key characteristic of a business opportunity that is worth pursuing?,It is easy to implement.,It has potential for high demand and profitability.,It is completely unique.,It requires minimal investment.,It has potential for high demand and profitability.,1,2024-09-10T23:43:46.580Z,2024-09-10T23:43:46.580Z
66e0d9b2d2fc14ddb79bbe5d,null,Business Planning and Strategy,What is the primary purpose of a business plan?,To impress potential investors.,"To outline the goals, strategies, and actions needed to start and grow the business.",To fulfill legal requirements.,To estimate the personal income of the entrepreneur.,"To outline the goals, strategies, and actions needed to start and grow the business.",1,2024-09-10T23:43:46.580Z,2024-09-10T23:43:46.580Z
66e0d9b2d2fc14ddb79bbe5e,null,Business Planning and Strategy,"When developing a business strategy, what is an essential factor to consider?",The entrepreneur's personal preferences.,Market trends and competitor analysis.,The advice of friends and family.,Current events in unrelated industries.,Market trends and competitor analysis.,1,2024-09-10T23:43:46.581Z,2024-09-10T23:43:46.581Z
66e0d9b2d2fc14ddb79bbe5f,null,Financial Management,Which financial statement shows a company's profitability over a specific period?,Balance Sheet.,Cash Flow Statement.,Income Statement.,Equity Statement.,Income Statement.,1,2024-09-10T23:43:46.581Z,2024-09-10T23:43:46.581Z
66e0d9b2d2fc14ddb79bbe60,null,Financial Management,What is the most critical aspect of managing cash flow in a new business?,Ensuring steady sales.,Minimizing expenses.,Balancing incoming and outgoing funds to avoid liquidity issues.,Seeking loans for large expenses.,Balancing incoming and outgoing funds to avoid liquidity issues.,1,2024-09-10T23:43:46.581Z,2024-09-10T23:43:46.581Z
66e0d9b2d2fc14ddb79bbe61,null,Marketing and Sales,Which of the following best describes a value proposition?,A detailed description of the product.,The unique benefits and value that a product or service offers to customers.,The price point of a product or service.,The company’s mission statement.,The unique benefits and value that a product or service offers to customers.,1,2024-09-10T23:43:46.581Z,2024-09-10T23:43:46.581Z
66e0d9b2d2fc14ddb79bbe62,null,Marketing and Sales,What is an effective method to increase sales in a start-up?,Aggressive price cutting.,Offering high-quality customer service and building strong relationships.,Reducing marketing expenses.,Increasing production regardless of demand.,Offering high-quality customer service and building strong relationships.,1,2024-09-10T23:43:46.581Z,2024-09-10T23:43:46.581Z
66e0d9b2d2fc14ddb79bbe63,null,Leadership and Team Management,Which leadership style is often most effective for start-up founders?,Autocratic.,Democratic.,Laissez-faire.,Transformational.,Transformational.,1,2024-09-10T23:43:46.581Z,2024-09-10T23:43:46.581Z
66e0d9b2d2fc14ddb79bbe64,null,Leadership and Team Management,What is a critical factor for building an effective team?,Hiring people with similar personalities.,Hiring quickly to fill positions.,Focusing on complementary skills and shared vision.,Offering the highest salaries.,Focusing on complementary skills and shared vision.,1,2024-09-10T23:43:46.581Z,2024-09-10T23:43:46.581Z
66e0d9b2d2fc14ddb79bbe65,null,Risk Management and Adaptability,How should an entrepreneur handle business risks?,Avoid risks entirely.,Take all risks without consideration.,Assess and manage risks through planning and mitigation strategies.,Delegate risk management to others.,Assess and manage risks through planning and mitigation strategies.,1,2024-09-10T23:43:46.582Z,2024-09-10T23:43:46.582Z
66e0d9b2d2fc14ddb79bbe66,null,Risk Management and Adaptability,What is a sign of a resilient entrepreneur?,Ignoring setbacks.,Quickly abandoning ideas that encounter obstacles.,Learning from failures and adapting strategies.,Sticking to the original plan no matter what.,Learning from failures and adapting strategies.,1,2024-09-10T23:43:46.582Z,2024-09-10T23:43:46.582Z
66e0d9b2d2fc14ddb79bbe67,null,Innovation and Creativity,What is the role of innovation in entrepreneurship?,It is optional and not crucial for business success.,It is primarily for large companies.,It drives business growth and helps maintain a competitive edge.,It should only be pursued when there is no risk involved.,It drives business growth and helps maintain a competitive edge.,1,2024-09-10T23:43:46.582Z,2024-09-10T23:43:46.582Z
66e0d9b2d2fc14ddb79bbe68,null,Innovation and Creativity,Which approach fosters creativity in a start-up?,Following strict routines.,Encouraging diverse perspectives and brainstorming.,Limiting feedback from others.,Adhering strictly to industry norms.,Encouraging diverse perspectives and brainstorming.,1,2024-09-10T23:43:46.582Z,2024-09-10T23:43:46.582Z
66e0d9b2d2fc14ddb79bbe69,null,Ethical and Social Responsibility,Why is ethical behaviour important in entrepreneurship?,It is required by law.,It helps build trust with customers and stakeholders.,It is easy to implement.,It ensures quick profits.,It helps build trust with customers and stakeholders.,1,2024-09-10T23:43:46.582Z,2024-09-10T23:43:46.582Z
66e0d9b2d2fc14ddb79bbe6a,null,Idea Generation and Opportunity Recognition,What is a common characteristic of a viable business idea?,It targets a very niche market.,It addresses a clear need or problem.,It is based on a hobby.,It requires no investment.,It addresses a clear need or problem.,1,2024-09-10T23:43:46.582Z,2024-09-10T23:43:46.582Z
66e0d9b2d2fc14ddb79bbe6b,null,Idea Generation and Opportunity Recognition,How can an entrepreneur validate their business idea?,By conducting market research and gathering customer feedback.,By discussing it with family and friends.,By starting the business immediately.,By avoiding any external opinions.,By conducting market research and gathering customer feedback.,1,2024-09-10T23:43:46.582Z,2024-09-10T23:43:46.582Z
66e0d9b2d2fc14ddb79bbe6c,null,Idea Generation and Opportunity Recognition,What is a minimum viable product (MVP)?,A fully developed product.,A product with the minimum features needed to satisfy early customers.,A product that is not functional.,A product that is sold at the lowest possible price.,A product with the minimum features needed to satisfy early customers.,1,2024-09-10T23:43:46.582Z,2024-09-10T23:43:46.582Z
66e0d9b2d2fc14ddb79bbe6d,null,Idea Generation and Opportunity Recognition,Why is it important to have a unique selling proposition (USP)?,It allows you to charge more for your product.,It distinguishes your business from competitors.,It reduces the need for marketing.,It guarantees business success.,It distinguishes your business from competitors.,1,2024-09-10T23:43:46.582Z,2024-09-10T23:43:46.582Z
66e0d9b2d2fc14ddb79bbe6e,null,Idea Generation and Opportunity Recognition,What is the primary function of a SWOT analysis in business planning?,"To identify strengths, weaknesses, opportunities, and threats.",To develop marketing strategies.,To analyze financial performance.,To set pricing strategies.,"To identify strengths, weaknesses, opportunities, and threats.",1,2024-09-10T23:43:46.583Z,2024-09-10T23:43:46.583Z
66e0d9b2d2fc14ddb79bbe6f,null,Idea Generation and Opportunity Recognition,What should be included in a business model?,Only the revenue streams.,"The overall strategy for creating, delivering, and capturing value.",The product design.,The company logo.,"The overall strategy for creating, delivering, and capturing value.",1,2024-09-10T23:43:46.583Z,2024-09-10T23:43:46.583Z
66e0d9b2d2fc14ddb79bbe70,null,Idea Generation and Opportunity Recognition,What is bootstrapping in entrepreneurship?,Using personal savings and revenue to fund the business.,Seeking venture capital.,Applying for bank loans.,Selling equity in the business.,Using personal savings and revenue to fund the business.,1,2024-09-10T23:43:46.583Z,2024-09-10T23:43:46.583Z
66e0d9b2d2fc14ddb79bbe71,null,Idea Generation and Opportunity Recognition,Which financial metric indicates the profitability of a business?,Current ratio.,Gross profit margin.,Inventory turnover.,Debt-to-equity ratio.,Gross profit margin.,1,2024-09-10T23:43:46.583Z,2024-09-10T23:43:46.583Z
66e0d9b2d2fc14ddb79bbe72,null,Idea Generation and Opportunity Recognition,Why is it important for entrepreneurs to understand their break-even point?,To set product prices.,To know when the business will start making a profit.,To calculate employee salaries.,To determine marketing budgets.,To know when the business will start making a profit.,1,2024-09-10T23:43:46.583Z,2024-09-10T23:43:46.583Z
66e0d9b2d2fc14ddb79bbe73,null,Idea Generation and Opportunity Recognition,What is the main purpose of market segmentation?,To increase product prices.,To identify and target specific groups of potential customers.,To simplify the marketing process.,To reduce competition.,To identify and target specific groups of potential customers.,1,2024-09-10T23:43:46.583Z,2024-09-10T23:43:46.583Z
66e0d9b2d2fc14ddb79bbe74,null,Idea Generation and Opportunity Recognition,Which marketing strategy focuses on creating and sharing valuable content to attract customers?,Direct marketing.,Content marketing.,Telemarketing.,Paid advertising.,Content marketing.,1,2024-09-10T23:43:46.583Z,2024-09-10T23:43:46.583Z
66e0d9b2d2fc14ddb79bbe75,null,Idea Generation and Opportunity Recognition,What is an effective sales tactic for a start-up?,Hard selling techniques.,Building relationships and trust with customers.,Offering significant discounts.,Ignoring customer feedback.,Building relationships and trust with customers.,1,2024-09-10T23:43:46.583Z,2024-09-10T23:43:46.583Z
66e0d9b2d2fc14ddb79bbe76,null,Idea Generation and Opportunity Recognition,Which trait is essential for entrepreneurial leadership?,Micromanagement.,Vision and the ability to inspire others.,Reluctance to delegate.,Sole focus on profitability.,Vision and the ability to inspire others.,1,2024-09-10T23:43:46.583Z,2024-09-10T23:43:46.583Z
66e0d9b2d2fc14ddb79bbe77,null,Idea Generation and Opportunity Recognition,How can an entrepreneur foster a positive company culture?,By enforcing strict rules.,By promoting open communication and teamwork.,By minimizing employee benefits.,By focusing solely on individual performance.,By promoting open communication and teamwork.,1,2024-09-10T23:43:46.583Z,2024-09-10T23:43:46.583Z
66e0d9b2d2fc14ddb79bbe78,null,Idea Generation and Opportunity Recognition,What is a key benefit of having a diverse team?,Faster decision-making.,A variety of perspectives and ideas.,Simplified management.,Uniform thinking.,A variety of perspectives and ideas.,1,2024-09-10T23:43:46.587Z,2024-09-10T23:43:46.587Z
66e0d9b2d2fc14ddb79bbe79,null,Idea Generation and Opportunity Recognition,What should an entrepreneur do when facing a business failure?,Give up and close the business.,Analyze the reasons for failure and pivot or adjust strategies.,Blame external factors.,Ignore the failure and continue as usual.,Analyze the reasons for failure and pivot or adjust strategies.,1,2024-09-10T23:43:46.587Z,2024-09-10T23:43:46.587Z
66e0d9b2d2fc14ddb79bbe7a,null,Idea Generation and Opportunity Recognition,Why is flexibility important for an entrepreneur?,It allows for spontaneous decisions.,It helps in adapting to changing market conditions and customer needs.,It reduces the need for planning.,It eliminates risks.,It helps in adapting to changing market conditions and customer needs.,1,2024-09-10T23:43:46.587Z,2024-09-10T23:43:46.587Z
66e0d9b2d2fc14ddb79bbe7b,null,Idea Generation and Opportunity Recognition,What is a contingency plan?,A primary business strategy.,A plan for unexpected events or emergencies.,A financial forecast.,A marketing campaign.,A plan for unexpected events or emergencies.,1,2024-09-10T23:43:46.587Z,2024-09-10T23:43:46.587Z
66e0d9b2d2fc14ddb79bbe7c,null,Idea Generation and Opportunity Recognition,How can an entrepreneur encourage innovation within their team?,By discouraging risk-taking.,By promoting a culture of experimentation and learning from failures.,By maintaining strict hierarchical structures.,By focusing only on short-term goals.,By promoting a culture of experimentation and learning from failures.,1,2024-09-10T23:43:46.587Z,2024-09-10T23:43:46.587Z
66e0d9b2d2fc14ddb79bbe7d,null,Idea Generation and Opportunity Recognition,Which of the following best describes disruptive innovation?,Incremental improvements to existing products.,Innovations that create new markets and disrupt existing ones.,Imitating competitors' products.,Reducing the cost of production.,Innovations that create new markets and disrupt existing ones.,1,2024-09-10T23:43:46.587Z,2024-09-10T23:43:46.587Z
66e0d9b2d2fc14ddb79bbe7e,null,Idea Generation and Opportunity Recognition,What role does creativity play in entrepreneurship?,It is not important.,It helps in developing unique solutions and differentiating the business.,It complicates the business process.,It is only useful for marketing.,It helps in developing unique solutions and differentiating the business.,1,2024-09-10T23:43:46.587Z,2024-09-10T23:43:46.587Z
66e0d9b2d2fc14ddb79bbe7f,null,Idea Generation and Opportunity Recognition,How can an entrepreneur contribute to social responsibility?,Focusing solely on maximizing profits.,Ignoring environmental concerns.,Implementing sustainable practices and supporting community initiatives.,Delegating social responsibility tasks to other businesses.,Implementing sustainable practices and supporting community initiatives.,1,2024-09-10T23:43:46.587Z,2024-09-10T23:43:46.587Z
66e0d9b2d2fc14ddb79bbe80,null,Idea Generation and Opportunity Recognition,How can a business demonstrate corporate social responsibility (CSR)?,By focusing solely on profit maximization.,By engaging in environmentally sustainable practices and supporting community initiatives.,By minimizing employee wages.,By ignoring social issues.,By engaging in environmentally sustainable practices and supporting community initiatives.,1,2024-09-10T23:43:46.587Z,2024-09-10T23:43:46.587Z
66e0d9b2d2fc14ddb79bbe81,null,Idea Generation and Opportunity Recognition,Why is transparency important in business ethics?,It increases operational costs.,"It builds trust with customers, employees, and stakeholders.",It reduces competition.,It limits business growth.,"It builds trust with customers, employees, and stakeholders.",1,2024-09-10T23:43:46.588Z,2024-09-10T23:43:46.588Z
66e0d9b2d2fc14ddb79bbe82,null,Idea Generation and Opportunity Recognition,What is the impact of unethical behavior in business?,It can enhance short-term profits.,"It can lead to legal issues, reputational damage, and loss of customer trust.",It always goes unnoticed.,It simplifies business operations.,"It can lead to legal issues, reputational damage, and loss of customer trust.",1,2024-09-10T23:43:46.588Z,2024-09-10T23:43:46.588Z
66e0d9b2d2fc14ddb79bbe83,null,Idea Generation and Opportunity Recognition,What should be a guiding principle for an entrepreneur in making ethical decisions?,Maximizing profits at all costs.,Considering the long-term impact on stakeholders and society.,Focusing only on personal gains.,Ignoring ethical considerations.,Considering the long-term impact on stakeholders and society.,1,2024-09-10T23:43:46.588Z,2024-09-10T23:43:46.588Z
66e0d9b2d2fc14ddb79bbe84,null,Communication Skills,Which of the following is a key aspect of effective communication?,Speaking more than listening.,Listening actively and providing clear feedback.,Using complex jargon.,Interrupting frequently to assert dominance.,Listening actively and providing clear feedback.,1,2024-09-10T23:43:46.589Z,2024-09-10T23:43:46.589Z
66e0d9b2d2fc14ddb79bbe85,null,Communication Skills,Why is non-verbal communication important?,It is not significant.,It complements verbal communication and can convey emotions.,It replaces verbal communication.,It confuses the message.,It complements verbal communication and can convey emotions.,1,2024-09-10T23:43:46.589Z,2024-09-10T23:43:46.589Z
66e0d9b2d2fc14ddb79bbe86,null,Communication Skills,How can an entrepreneur improve their public speaking skills?,By avoiding public speaking opportunities.,By practicing regularly and seeking feedback.,By speaking quickly to get through presentations.,By memorizing entire speeches.,By practicing regularly and seeking feedback.,1,2024-09-10T23:43:46.589Z,2024-09-10T23:43:46.589Z
66e0d9b2d2fc14ddb79bbe87,null,Problem-Solving and Critical Thinking,What is the first step in effective problem-solving?,Implementing a solution immediately.,Identifying and clearly defining the problem.,Ignoring the problem.,Delegating the problem to others.,Identifying and clearly defining the problem.,1,2024-09-10T23:43:46.589Z,2024-09-10T23:43:46.589Z
66e0d9b2d2fc14ddb79bbe88,null,Problem-Solving and Critical Thinking,Why is critical thinking important for entrepreneurs?,It slows down decision-making.,It helps in making informed and effective decisions.,It is only necessary for large businesses.,It reduces creativity.,It helps in making informed and effective decisions.,1,2024-09-10T23:43:46.589Z,2024-09-10T23:43:46.589Z
66e0d9b2d2fc14ddb79bbe89,null,Problem-Solving and Critical Thinking,Which technique can help in generating creative solutions to a problem?,Limiting options.,Brainstorming with a diverse group.,Sticking to conventional methods.,Avoiding feedback.,Brainstorming with a diverse group.,1,2024-09-10T23:43:46.590Z,2024-09-10T23:43:46.590Z
66e0d9b2d2fc14ddb79bbe8a,null,Time Management,What is the benefit of prioritizing tasks?,It increases stress.,It ensures the most important tasks are completed first.,It wastes time.,It reduces productivity.,It ensures the most important tasks are completed first.,1,2024-09-10T23:43:46.590Z,2024-09-10T23:43:46.590Z
66e0d9b2d2fc14ddb79bbe8b,null,Time Management,How can entrepreneurs manage their time effectively?,By multitasking frequently.,By setting clear goals and deadlines.,By avoiding scheduling.,By working without breaks.,By setting clear goals and deadlines.,1,2024-09-10T23:43:46.590Z,2024-09-10T23:43:46.590Z
66e0d9b2d2fc14ddb79bbe8c,null,Time Management,Which tool can assist with time management?,Social media.,A time tracking app.,Television.,Random task lists.,A time tracking app.,1,2024-09-10T23:43:46.590Z,2024-09-10T23:43:46.590Z
66e0d9b2d2fc14ddb79bbe8d,null,Emotional Intelligence,What is a key component of emotional intelligence?,Suppressing emotions.,Understanding and managing one's own emotions.,Ignoring others' emotions.,Avoiding difficult conversations.,Understanding and managing one's own emotions.,1,2024-09-10T23:43:46.590Z,2024-09-10T23:43:46.590Z
66e0d9b2d2fc14ddb79bbe8e,null,Emotional Intelligence,How can an entrepreneur develop empathy?,By focusing only on their own needs.,By actively listening and understanding others' perspectives.,By avoiding social interactions.,By dismissing others' feelings.,By actively listening and understanding others' perspectives.,1,2024-09-10T23:43:46.590Z,2024-09-10T23:43:46.590Z
66e0d9b2d2fc14ddb79bbe8f,null,Emotional Intelligence,Why is emotional intelligence important in leadership?,It complicates decision-making.,It helps in building strong relationships and managing teams effectively.,It reduces efficiency.,It is only useful for personal life.,It helps in building strong relationships and managing teams effectively.,1,2024-09-10T23:43:46.590Z,2024-09-10T23:43:46.590Z
66e0d9b2d2fc14ddb79bbe90,null,Adaptability and Flexibility,Why is adaptability crucial for entrepreneurs?,It allows them to resist change.,It helps them respond effectively to new challenges and opportunities.,It limits their growth.,It simplifies their work.,It helps them respond effectively to new challenges and opportunities.,1,2024-09-10T23:43:46.591Z,2024-09-10T23:43:46.591Z
66e0d9b2d2fc14ddb79bbe91,null,Adaptability and Flexibility,What is a sign of an adaptable entrepreneur?,Sticking rigidly to the original plan.,Being open to new ideas and willing to pivot when necessary.,Avoiding risks.,Ignoring feedback.,Being open to new ideas and willing to pivot when necessary.,1,2024-09-10T23:43:46.591Z,2024-09-10T23:43:46.591Z
66e0d9b2d2fc14ddb79bbe92,null,Adaptability and Flexibility,How can an entrepreneur cultivate adaptability?,By learning from diverse experiences and staying informed about industry trends.,By avoiding new experiences.,By focusing on a single strategy.,By resisting change.,By learning from diverse experiences and staying informed about industry trends.,1,2024-09-10T23:43:46.591Z,2024-09-10T23:43:46.591Z
66e0d9b2d2fc14ddb79bbe93,null,Networking and Relationship Building,What is the primary benefit of networking for entrepreneurs?,It increases competition.,It creates opportunities for collaboration and business growth.,It wastes time.,It is only useful for socializing.,It creates opportunities for collaboration and business growth.,1,2024-09-10T23:43:46.591Z,2024-09-10T23:43:46.591Z
66e0d9b2d2fc14ddb79bbe94,null,Networking and Relationship Building,Which approach is most effective in building professional relationships?,Focusing solely on one's own needs.,Providing value and support to others.,Avoiding follow-ups.,Demanding favors upfront.,Providing value and support to others.,1,2024-09-10T23:43:46.591Z,2024-09-10T23:43:46.591Z
66e0d9b2d2fc14ddb79bbe95,null,Networking and Relationship Building,How can entrepreneurs expand their professional network?,By attending industry events and engaging on professional social platforms.,By staying isolated.,By avoiding new connections.,By focusing only on existing relationships.,By attending industry events and engaging on professional social platforms.,1,2024-09-10T23:43:46.591Z,2024-09-10T23:43:46.591Z
66e0d9b2d2fc14ddb79bbe96,null,Ethical and Social Responsibility,How can a business demonstrate corporate social responsibility (CSR)?,By focusing solely on profit maximization.,By engaging in environmentally sustainable practices and supporting community initiatives.,By minimizing employee wages.,By ignoring social issues.,By engaging in environmentally sustainable practices and supporting community initiatives.,1,2024-09-10T23:43:46.591Z,2024-09-10T23:43:46.591Z
66e0d9b2d2fc14ddb79bbe97,null,Ethical and Social Responsibility,Why is transparency important in business ethics?,It increases operational costs.,"It builds trust with customers, employees, and stakeholders.",It reduces competition.,It limits business growth.,"It builds trust with customers, employees, and stakeholders.",1,2024-09-10T23:43:46.591Z,2024-09-10T23:43:46.591Z
66e0d9b2d2fc14ddb79bbe98,null,Ethical and Social Responsibility,What is the impact of unethical behavior in business?,It can enhance short-term profits.,"It can lead to legal issues, reputational damage, and loss of customer trust.",It always goes unnoticed.,It simplifies business operations.,"It can lead to legal issues, reputational damage, and loss of customer trust.",1,2024-09-10T23:43:46.591Z,2024-09-10T23:43:46.591Z
66e0d9b2d2fc14ddb79bbe99,null,Ethical and Social Responsibility,What should be a guiding principle for an entrepreneur in making ethical decisions?,Maximizing profits at all costs.,Considering the long-term impact on stakeholders and society.,Focusing only on personal gains.,Ignoring ethical considerations.,Considering the long-term impact on stakeholders and society.,1,2024-09-10T23:43:46.591Z,2024-09-10T23:43:46.591Z
66e0d9b2d2fc14ddb79bbe9a,null,Communication Skills,Which of the following is a key aspect of effective communication?,Speaking more than listening.,Listening actively and providing clear feedback.,Using complex jargon.,Interrupting frequently to assert dominance.,Listening actively and providing clear feedback.,1,2024-09-10T23:43:46.591Z,2024-09-10T23:43:46.591Z
66e0d9b2d2fc14ddb79bbe9b,null,Communication Skills,Why is non-verbal communication important?,It is not significant.,It complements verbal communication and can convey emotions.,It replaces verbal communication.,It confuses the message.,It complements verbal communication and can convey emotions.,1,2024-09-10T23:43:46.591Z,2024-09-10T23:43:46.591Z
66e0d9b2d2fc14ddb79bbe9c,null,Communication Skills,How can an entrepreneur improve their public speaking skills?,By avoiding public speaking opportunities.,By practicing regularly and seeking feedback.,By speaking quickly to get through presentations.,By memorizing entire speeches.,By practicing regularly and seeking feedback.,1,2024-09-10T23:43:46.592Z,2024-09-10T23:43:46.592Z
66e0d9b2d2fc14ddb79bbe9d,null,Problem-Solving and Critical Thinking,What is the first step in effective problem-solving?,Implementing a solution immediately.,Identifying and clearly defining the problem.,Ignoring the problem.,Delegating the problem to others.,Identifying and clearly defining the problem.,1,2024-09-10T23:43:46.592Z,2024-09-10T23:43:46.592Z
66e0d9b2d2fc14ddb79bbe9e,null,Problem-Solving and Critical Thinking,Why is critical thinking important for entrepreneurs?,It slows down decision-making.,It helps in making informed and effective decisions.,It is only necessary for large businesses.,It reduces creativity.,It helps in making informed and effective decisions.,1,2024-09-10T23:43:46.592Z,2024-09-10T23:43:46.592Z
66e0d9b2d2fc14ddb79bbe9f,null,Problem-Solving and Critical Thinking,Which technique can help in generating creative solutions to a problem?,Limiting options.,Brainstorming with a diverse group.,Sticking to conventional methods.,Avoiding feedback.,Brainstorming with a diverse group.,1,2024-09-10T23:43:46.592Z,2024-09-10T23:43:46.592Z
66e0d9b2d2fc14ddb79bbea0,null,Time Management,What is the benefit of prioritizing tasks?,It increases stress.,It ensures the most important tasks are completed first.,It wastes time.,It reduces productivity.,It ensures the most important tasks are completed first.,1,2024-09-10T23:43:46.592Z,2024-09-10T23:43:46.592Z
66e0d9b2d2fc14ddb79bbea1,null,Time Management,How can entrepreneurs manage their time effectively?,By multitasking frequently.,By setting clear goals and deadlines.,By avoiding scheduling.,By working without breaks.,By setting clear goals and deadlines.,1,2024-09-10T23:43:46.592Z,2024-09-10T23:43:46.592Z
66e0d9b2d2fc14ddb79bbea2,null,Time Management,Which tool can assist with time management?,Social media.,A time tracking app.,Television.,Random task lists.,A time tracking app.,1,2024-09-10T23:43:46.592Z,2024-09-10T23:43:46.592Z
66e0d9b2d2fc14ddb79bbea3,null,Emotional Intelligence,What is a key component of emotional intelligence?,Suppressing emotions.,Understanding and managing one's own emotions.,Ignoring others' emotions.,Avoiding difficult conversations.,Understanding and managing one's own emotions.,1,2024-09-10T23:43:46.592Z,2024-09-10T23:43:46.592Z
66e0d9b2d2fc14ddb79bbea4,null,Emotional Intelligence,How can an entrepreneur develop empathy?,By focusing only on their own needs.,By actively listening and understanding others' perspectives.,By avoiding social interactions.,By dismissing others' feelings.,By actively listening and understanding others' perspectives.,1,2024-09-10T23:43:46.592Z,2024-09-10T23:43:46.592Z
66e0d9b2d2fc14ddb79bbea5,null,Emotional Intelligence,Why is emotional intelligence important in leadership?,It complicates decision-making.,It helps in building strong relationships and managing teams effectively.,It reduces efficiency.,It is only useful for personal life.,It helps in building strong relationships and managing teams effectively.,1,2024-09-10T23:43:46.592Z,2024-09-10T23:43:46.592Z
66e0d9b2d2fc14ddb79bbea6,null,Adaptability and Flexibility,Why is adaptability crucial for entrepreneurs?,It allows them to resist change.,It helps them respond effectively to new challenges and opportunities.,It limits their growth.,It simplifies their work.,It helps them respond effectively to new challenges and opportunities.,1,2024-09-10T23:43:46.592Z,2024-09-10T23:43:46.592Z
66e0d9b2d2fc14ddb79bbea7,null,Adaptability and Flexibility,What is a sign of an adaptable entrepreneur?,Sticking rigidly to the original plan.,Being open to new ideas and willing to pivot when necessary.,Avoiding risks.,Ignoring feedback.,Being open to new ideas and willing to pivot when necessary.,1,2024-09-10T23:43:46.592Z,2024-09-10T23:43:46.592Z
66e0d9b2d2fc14ddb79bbea8,null,Adaptability and Flexibility,How can an entrepreneur cultivate adaptability?,By learning from diverse experiences and staying informed about industry trends.,By avoiding new experiences.,By focusing on a single strategy.,By resisting change.,By learning from diverse experiences and staying informed about industry trends.,1,2024-09-10T23:43:46.592Z,2024-09-10T23:43:46.592Z
66e0d9b2d2fc14ddb79bbea9,null,Networking and Relationship Building,What is the primary benefit of networking for entrepreneurs?,It increases competition.,It creates opportunities for collaboration and business growth.,It wastes time.,It is only useful for socializing.,It creates opportunities for collaboration and business growth.,1,2024-09-10T23:43:46.593Z,2024-09-10T23:43:46.593Z
66e0d9b2d2fc14ddb79bbeaa,null,Networking and Relationship Building,Which approach is most effective in building professional relationships?,Focusing solely on one's own needs.,Providing value and support to others.,Avoiding follow-ups.,Demanding favors upfront.,Providing value and support to others.,1,2024-09-10T23:43:46.593Z,2024-09-10T23:43:46.593Z
66e0d9b2d2fc14ddb79bbeab,null,Networking and Relationship Building,How can entrepreneurs expand their professional network?,By attending industry events and engaging on professional social platforms.,By staying isolated.,By avoiding new connections.,By focusing only on existing relationships.,By attending industry events and engaging on professional social platforms.,1,2024-09-10T23:43:46.593Z,2024-09-10T23:43:46.593Z
66e0d9b2d2fc14ddb79bbeac,null,Decision-Making,What is a key factor in making effective decisions?,Relying solely on intuition.,Gathering relevant information and analyzing options.,Making impulsive choices.,Avoiding input from others.,Gathering relevant information and analyzing options.,1,2024-09-10T23:43:46.593Z,2024-09-10T23:43:46.593Z
66e0d9b2d2fc14ddb79bbead,null,Decision-Making,Why is it important to consider both short-term and long-term impacts in decision-making?,It complicates the process.,It ensures sustainable business growth and success.,It is unnecessary.,It delays action.,It ensures sustainable business growth and success.,1,2024-09-10T23:43:46.593Z,2024-09-10T23:43:46.593Z
66e0d9b2d2fc14ddb79bbeae,null,Decision-Making,What is a common mistake to avoid in decision-making?,Seeking diverse perspectives.,Overlooking potential risks.,Using data and analysis.,Taking calculated risks.,Overlooking potential risks.,1,2024-09-10T23:43:46.593Z,2024-09-10T23:43:46.593Z
66e0d9b2d2fc14ddb79bbeaf,null,Conflict Resolution,What is the first step in resolving a conflict?,Ignoring the conflict.,Identifying the root cause of the conflict.,Blaming others.,Escalating the issue.,Identifying the root cause of the conflict.,1,2024-09-10T23:43:46.593Z,2024-09-10T23:43:46.593Z
66e0d9b2d2fc14ddb79bbeb0,null,Conflict Resolution,How can entrepreneurs handle conflicts effectively?,By addressing them promptly and communicating openly.,By avoiding confrontation.,By imposing their decisions.,By ignoring the parties involved.,By addressing them promptly and communicating openly.,1,2024-09-10T23:43:46.593Z,2024-09-10T23:43:46.593Z
66e0d9b2d2fc14ddb79bbeb1,null,Conflict Resolution,What is a benefit of resolving conflicts constructively?,It increases team friction.,It fosters a collaborative and productive work environment.,It reduces team morale.,It is time-consuming.,It fosters a collaborative and productive work environment.,1,2024-09-10T23:43:46.593Z,2024-09-10T23:43:46.593Z
